COUNTRY,ISO3,WHO_REGION,DATA_SOURCE,DATE_UPDATED,TOTAL_VACCINATIONS,PERSONS_VACCINATED_1PLUS_DOSE,TOTAL_VACCINATIONS_PER100,PERSONS_VACCINATED_1PLUS_DOSE_PER100,PERSONS_LAST_DOSE,PERSONS_LAST_DOSE_PER100,FIRST_VACCINE_DATE,NUMBER_VACCINES_TYPES_USED,PERSONS_BOOSTER_ADD_DOSE,PERSONS_BOOSTER_ADD_DOSE_PER100
Albania,ALB,EURO,REPORTING,14-05-2023,3080679,1348396,107,47.234,1277987,44.768,13-01-2021,6,399190,13.984
Chile,CHL,AMRO,REPORTING,02-06-2023,66273384,18106832,346.687,94.72,17716364,92.677,21-12-2020,5,15766986,82.48
Congo,COG,AFRO,REPORTING,31-07-2022,833210,695760,15.1,12.609,654119,11.854,23-03-2021,4,,
Côte d’Ivoire,CIV,AFRO,REPORTING,19-02-2023,25263932,13568372,95.776,51.438,12164304,46.115,01-03-2021,5,3138712,11.899
Denmark,DNK,EURO,REPORTING,11-06-2023,14986863,4767119,257.4,81.164,4731911,80.565,16-12-2020,5,3634971,61.888
Greenland,GRL,EURO,OWID,14-03-2022,79738,41227,140.453,72.619,38511,67.834,,1,,
Guernsey,GGY,EURO,OWID,19-12-2022,178525,54223,276.92,84.108,52710,81.761,,3,69339,107.556
Guinea,GIN,AFRO,REPORTING,02-04-2023,10645240,7679918,81.058,58.479,4725982,35.986,05-03-2021,6,302545,2.304
Guinea-Bissau,GNB,AFRO,REPORTING,04-06-2023,825234,733271,41.933,37.26,533741,27.121,02-04-2021,2,48801,2.48
Guyana,GUY,AMRO,REPORTING,02-06-2023,960133,495285,122.069,62.969,381984,48.564,11-02-2021,7,77874,9.901
Hungary,HUN,EURO,REPORTING,11-06-2023,16570212,6358579,169.6,65.627,6151942,63.494,23-12-2020,8,3868612,39.928
Japan,JPN,WPRO,REPORTING,06-08-2023,406215583,104731631,321.179,82.807,103411804,81.764,17-02-2021,4,86577817,68.454
Kyrgyzstan,KGZ,EURO,REPORTING,14-05-2023,3132083,1516221,48,23.227,1332740,20.417,31-03-2021,6,283122,4.337
Mauritius,MUS,AFRO,REPORTING,28-05-2023,2615287,1123773,205.642,88.363,1088142,85.561,26-01-2021,3,640419,50.357
Mongolia,MNG,WPRO,REPORTING,17-03-2023,5668144,2284018,172.899,69.671,2185282,66.659,23-02-2021,6,1058839,32.299
North Macedonia,MKD,EURO,REPORTING,07-05-2023,1862987,854570,89.4,40.629,838181,39.85,17-02-2021,7,161633,7.685
Seychelles,SYC,AFRO,REPORTING,09-04-2023,224558,88520,228.332,90.008,83565,84.97,10-01-2021,4,44936,45.691
Trinidad and Tobago,TTO,AMRO,REPORTING,02-06-2023,1589640,754399,113.587,53.905,718969,51.374,17-02-2021,5,174836,12.493
Turkmenistan,TKM,EURO,REPORTING,05-02-2023,13040514,3359468,216.2,52.973,3358426,52.957,24-02-2021,7,3171535,50.01
Uganda,UGA,AFRO,REPORTING,28-05-2023,26406936,20033189,57.731,43.797,13061126,28.555,10-03-2021,5,764664,1.672
Ukraine,UKR,EURO,REPORTING,27-02-2022,31668577,15774300,72.4,36.237,15153577,34.811,24-02-2021,6,741197,1.703
Yemen,YEM,EMRO,REPORTING,20-06-2023,1282460,1037766,4.3,3.479,794265,2.663,20-04-2021,11,65523,0.22
American Samoa,ASM,WPRO,REPORTING,29-03-2023,114706,46206,207.812,83.711,42479,76.959,21-12-2020,3,24160,43.77
Austria,AUT,EURO,REPORTING,11-06-2023,20402999,6899834,229.2,76.953,6682310,74.422,30-12-2020,10,5405808,60.205
Bangladesh,BGD,SEARO,REPORTING,25-06-2023,360177584,151379833,218.701,91.918,141208849,85.743,27-01-2021,8,67588902,41.04
Brunei Darussalam,BRN,WPRO,REPORTING,30-06-2023,1293100,451149,295.58,103.125,446714,102.111,03-04-2021,5,340466,77.825
Bulgaria,BGR,EURO,REPORTING,11-06-2023,4618004,2108377,66.4,30.829,2080169,30.417,30-12-2020,4,832572,12.174
Central African Republic,CAF,AFRO,REPORTING,16-07-2023,3182417,2600389,65.892,53.841,2484985,51.451,19-03-2021,2,366221,7.583
Cuba,CUB,AMRO,REPORTING,02-06-2023,38105906,10749013,336.428,94.9,10016328,88.432,,3,8742146,77.182
Curaçao,CUW,AMRO,REPORTING,02-06-2023,260324,108601,158.644,66.183,100885,61.48,24-02-2021,3,43138,26.289
Ecuador,ECU,AMRO,REPORTING,24-02-2023,39495110,15329151,223.856,86.885,14233323,80.674,20-01-2021,4,7708466,43.691
Estonia,EST,EURO,REPORTING,11-06-2023,2204676,845120,165.9,63.457,842153,63.234,23-12-2020,9,487291,36.589
Ethiopia,ETH,AFRO,REPORTING,28-05-2023,68856793,52489512,59.894,45.658,43653006,37.971,13-03-2021,4,5978070,5.2
Fiji,FJI,WPRO,REPORTING,29-06-2023,1547226,712025,172.596,79.428,641194,71.526,07-03-2021,3,172078,19.196
Gambia,GMB,AFRO,REPORTING,19-03-2023,1444492,674314,59.772,27.903,539186,22.311,10-03-2021,2,53741,2.224
Guadeloupe,GLP,AMRO,REPORTING,02-06-2023,400129,152113,100.001,38.016,146098,36.513,08-01-2021,7,89009,22.245
Honduras,HND,AMRO,REPORTING,02-06-2023,16901540,6485671,170.643,65.481,5751048,58.064,22-02-2021,6,4665196,47.101
Ireland,IRL,EURO,REPORTING,11-06-2023,12386942,4108479,249.5,83.893,4062803,80.292,30-12-2020,5,3057548,60.426
Jordan,JOR,EMRO,REPORTING,21-08-2022,10057975,4821579,98.577,47.256,4558313,44.676,13-01-2021,10,682211,6.686
Libya,LBY,EMRO,REPORTING,16-01-2023,3739158,2316327,54.417,33.71,1236102,17.989,11-04-2021,10,186729,2.718
Lithuania,LTU,EURO,REPORTING,11-06-2023,4532385,1956467,162.2,69.878,1907044,67.963,23-12-2020,5,902046,32.147
Malawi,MWI,AFRO,REPORTING,02-07-2023,8359717,5368688,43.7,28.064,4223762,22.079,11-03-2021,2,1154619,6.036
Maldives,MDV,SEARO,REPORTING,25-05-2023,951764,399308,176.075,73.872,385167,71.255,01-02-2021,8,167289,30.948
Malta,MLT,EURO,REPORTING,11-06-2023,1280143,450522,248.8,86.477,444900,85.398,23-12-2020,4,352633,67.688
Netherlands,NLD,EURO,REPORTING,11-09-2022,36105753,12776868,207.4,72.634,11957152,67.974,06-01-2021,6,9417108,53.535
Niger,NER,AFRO,REPORTING,12-03-2023,7339299,6217508,30.319,25.685,5454196,22.532,29-03-2021,2,,
Romania,ROU,EURO,REPORTING,11-06-2023,16110560,8187976,83.3,42.999,8142177,42.758,27-01-2021,4,1768737,9.288
Saint Vincent and the Grenadines,VCT,AMRO,REPORTING,02-06-2023,73443,37532,66.201,33.831,31632,28.513,01-02-2021,5,4279,3.857
Slovakia,SVK,EURO,REPORTING,11-06-2023,7221055,2839404,132.3,52.246,2791174,51.358,23-12-2020,7,1686230,31.027
Andorra,AND,EURO,REPORTING,21-05-2023,157059,57912,203.3,73.275,53500,67.692,20-01-2021,4,43068,54.493
Anguilla,AIA,AMRO,REPORTING,02-06-2023,24611,10854,164.051,72.35,10380,69.191,05-02-2021,2,3046,20.304
Bahamas,BHS,AMRO,REPORTING,02-06-2023,366359,174810,93.163,44.453,166972,42.46,14-03-2021,4,33717,8.574
Barbados,BRB,AMRO,REPORTING,02-06-2023,381721,163846,132.83,57.015,155036,53.949,08-01-2021,5,62839,21.867
Belarus,BLR,EURO,REPORTING,14-05-2023,21997703,6439812,232.8,67.234,6355081,66.35,03-02-2021,5,5713720,59.654
Belize,BLZ,AMRO,REPORTING,02-06-2023,510770,258456,128.454,64.999,221408,55.682,01-03-2021,5,50238,12.634
Benin,BEN,AFRO,REPORTING,18-12-2022,4232541,3697190,34.913,30.497,2742837,22.625,29-03-2021,5,,
Bermuda,BMU,AMRO,REPORTING,02-06-2023,132042,48554,212.037,77.97,47657,76.529,11-01-2021,3,31829,51.112
Bolivia (Plurinational State of),BOL,AMRO,REPORTING,02-06-2023,16016290,7492606,137.208,64.187,6295624,53.933,30-01-2021,7,2487668,21.311
"Bonaire, Sint Eustatius and Saba",BES,AMRO,OWID,01-09-2021,35845,19109,137.934,73.533,16736,64.401,,2,,
Botswana,BWA,AFRO,REPORTING,07-05-2023,3171667,1951054,134.871,82.966,1663490,70.738,26-03-2021,6,507654,21.587
Cambodia,KHM,WPRO,REPORTING,08-08-2023,47477240,15304762,283.972,91.541,14679108,87.799,10-02-2021,7,10731005,64.185
Cameroon,CMR,AFRO,REPORTING,23-07-2023,4792066,3697853,18.052,13.93,3145137,11.848,12-04-2021,4,776588,2.925
Canada,CAN,AMRO,REPORTING,02-06-2023,97596974,32645232,258.589,86.495,31311576,82.962,14-12-2020,6,19776324,52.399
Chad,TCD,AFRO,REPORTING,16-07-2023,8559891,6254729,52.112,38.079,6127422,37.303,04-06-2021,1,4042573,24.611
Croatia,HRV,EURO,REPORTING,11-06-2023,5432701,2320124,133.9,60.107,2246534,58.166,23-12-2020,6,994415,25.747
French Polynesia,PYF,WPRO,REPORTING,01-05-2023,480028,190908,170.884,67.961,186803,66.5,18-01-2021,2,102317,36.424
Georgia,GEO,EURO,REPORTING,16-04-2023,2738178,1300473,68.6,34.606,1186709,31.578,17-03-2021,4,250996,6.679
Grenada,GRD,AMRO,REPORTING,02-06-2023,90686,44241,80.593,39.317,39034,34.69,15-02-2021,5,7411,6.586
Indonesia,IDN,SEARO,REPORTING,06-06-2023,447595845,203845350,163.641,74.526,174893201,63.941,13-01-2021,7,68857294,25.174
Iran (Islamic Republic of),IRN,EMRO,REPORTING,15-08-2023,155445801,65194977,185.07,77.62,58582625,69.747,09-02-2021,12,28576234,34.022
Kenya,KEN,AFRO,REPORTING,02-04-2023,23750431,14494372,44.169,26.956,11090440,20.625,05-03-2021,5,2000636,3.721
Kosovo,XKX,EURO,REPORTING,15-01-2023,1836901,904558,,50.758,824752,46.279,31-03-2021,2,105624,5.927
Liberia,LBR,AFRO,REPORTING,11-12-2022,4460668,3903802,88.196,77.186,3730967,73.768,01-04-2021,1,1987,0.039
Madagascar,MDG,AFRO,REPORTING,16-07-2023,3081827,2700391,11.129,9.752,2619045,9.458,10-05-2021,3,167393,0.605
Mauritania,MRT,AFRO,REPORTING,14-05-2023,4068530,2101236,87.502,45.191,1538089,33.08,26-03-2021,2,383866,8.256
Nepal,NPL,SEARO,REPORTING,20-06-2023,62086946,27804935,213.088,95.429,24389063,83.705,27-01-2021,8,9892948,33.953
Argentina,ARG,AMRO,REPORTING,07-10-2022,109652736,41324100,242.617,91.434,37840119,83.725,29-12-2020,7,30810184,68.17
Australia,AUS,WPRO,REPORTING,03-08-2023,68480571,22209605,268.552,87.097,21619793,84.784,21-02-2021,5,14407326,56.5
Bahrain,BHR,EMRO,REPORTING,21-12-2022,3476633,1241174,204.319,72.943,1226796,72.098,04-11-2020,11,1008663,59.278
British Virgin Islands,VGB,AMRO,REPORTING,02-06-2023,41453,19466,137.094,64.378,18261,60.393,11-02-2021,3,3726,12.323
Egypt,EGY,EMRO,REPORTING,21-05-2023,112673535,56907319,110.103,55.609,42337175,41.371,24-01-2021,10,15217352,14.87
El Salvador,SLV,AMRO,REPORTING,02-06-2023,11426688,4656627,176.169,71.793,4393762,67.74,17-02-2021,6,1898202,29.265
Eswatini,SWZ,AFRO,REPORTING,04-06-2023,870205,526050,75.007,45.343,427335,36.834,19-03-2021,3,179450,15.468
Greece,GRC,EURO,REPORTING,11-06-2023,21983798,7916555,205.1,75.686,7744795,74.044,23-12-2020,7,5902253,56.428
Guam,GUM,WPRO,REPORTING,31-01-2023,352698,135612,208.975,80.351,128788,76.308,04-01-2021,3,83603,49.535
India,IND,SEARO,REPORTING,27-06-2023,2206737729,1025823823,159.908,74.335,952120865,68.994,16-01-2021,8,228793041,16.579
Latvia,LVA,EURO,REPORTING,11-06-2023,2979616,1344368,156.2,71.677,1304768,69.56,30-12-2020,9,550859,29.367
Lesotho,LSO,AFRO,REPORTING,19-03-2023,1339097,1014073,62.509,47.337,938088,43.79,10-03-2021,3,177816,8.3
Luxembourg,LUX,EURO,REPORTING,11-06-2023,1337797,469270,213.7,72.71,462702,71.693,30-12-2020,8,368484,57.094
Montserrat,MSR,AMRO,REPORTING,02-06-2023,4619,2104,92.398,42.088,1952,39.048,08-02-2021,2,563,11.262
Namibia,NAM,AFRO,REPORTING,16-07-2023,1000136,624721,39.361,24.587,546606,21.512,19-03-2021,4,298560,11.75
Papua New Guinea,PNG,WPRO,REPORTING,06-08-2023,535582,392516,5.986,4.387,331556,3.706,30-03-2021,4,36119,0.404
Portugal,PRT,EURO,REPORTING,11-06-2023,27777341,9788002,269.8,94.714,8902934,86.002,23-12-2020,12,7054573,68.147
Qatar,QAT,EMRO,REPORTING,07-05-2023,7609178,2852178,264.111,98.998,2852178,98.998,,10,1904822,66.115
Saudi Arabia,SAU,EMRO,REPORTING,25-04-2023,68534631,27041364,196.86,77.674,25433941,73.057,06-01-2021,10,16059326,46.129
Senegal,SEN,AFRO,REPORTING,23-07-2023,3093024,2684696,18.473,16.034,1503332,8.978,23-02-2021,3,815965,4.873
Sint Maarten,SXM,AMRO,REPORTING,02-06-2023,66829,29788,155.844,69.465,26773,62.434,22-02-2021,3,9146,21.328
South Africa,ZAF,AFRO,REPORTING,04-06-2023,38882146,24210953,65.559,40.822,21038797,35.473,17-02-2021,2,4410601,7.437
Sri Lanka,LKA,SEARO,REPORTING,30-10-2022,40116590,17143761,187.345,80.061,14752827,68.896,29-01-2021,6,8220002,38.387
United Arab Emirates,ARE,EMRO,REPORTING,06-07-2022,24922054,9991089,251.982,101.018,9792266,99.008,,11,5138699,51.956
United States of America,USA,AMRO,REPORTING,02-06-2023,668882018,267321711,202.078,80.761,227948938,68.866,14-12-2020,4,116629517,35.235
Uzbekistan,UZB,EURO,REPORTING,11-06-2023,79381802,22077238,237.2,64.778,18318860,53.75,28-04-2021,9,16000801,46.949
Wallis and Futuna,WLF,WPRO,REPORTING,23-01-2023,17303,7150,153.859,63.578,6803,60.493,19-03-2021,1,3350,29.788
Solomon Islands,SLB,WPRO,REPORTING,04-07-2023,612700,335796,89.2,48.887,254016,36.981,23-03-2021,4,27896,4.061
Sudan,SDN,EMRO,REPORTING,02-04-2023,22598737,15207452,51.537,34.681,13416394,30.597,09-03-2021,11,3891363,8.874
Tonga,TON,WPRO,REPORTING,30-06-2023,204737,87375,193.705,82.667,77390,73.22,14-04-2021,2,38588,36.509
United Republic of Tanzania,TZA,AFRO,REPORTING,12-03-2023,39392419,34434933,65.946,57.647,32165791,53.848,28-07-2021,3,,
Uruguay,URY,AMRO,REPORTING,02-06-2023,9023199,3009801,259.755,86.645,2902437,83.554,27-02-2021,3,2079949,59.877
Venezuela (Bolivarian Republic of),VEN,AMRO,REPORTING,02-06-2023,37860994,22157232,133.145,77.92,14287370,50.244,22-02-2021,6,651502,2.291
Algeria,DZA,AFRO,REPORTING,04-09-2022,15267442,7840131,34.817,17.879,6481186,14.78,30-01-2021,4,575651,1.313
Angola,AGO,AFRO,REPORTING,23-07-2023,26521660,16177587,80.696,49.222,9209276,28.02,10-03-2021,1,2437087,7.415
Armenia,ARM,EURO,REPORTING,04-06-2023,2158796,1122646,72.9,40.224,996804,35.715,27-01-2021,10,45446,1.628
Aruba,ABW,AMRO,REPORTING,02-06-2023,216974,90449,203.224,84.717,84297,78.955,17-02-2021,2,35659,33.399
Brazil,BRA,AMRO,REPORTING,02-06-2023,513329718,188746389,241.499,88.797,171459392,80.664,17-01-2021,5,110382337,51.93
Burkina Faso,BFA,AFRO,REPORTING,23-07-2023,7893609,6089089,37.763,29.13,5232347,25.031,02-06-2021,3,4056,0.019
Costa Rica,CRI,AMRO,REPORTING,02-06-2023,13371989,4641899,262.499,91.123,4358863,85.567,24-12-2020,3,2957974,58.066
Dominica,DMA,AMRO,REPORTING,02-06-2023,67647,32995,93.966,45.832,30659,42.587,12-02-2021,5,3993,5.547
Finland,FIN,EURO,REPORTING,11-06-2023,13262633,4547390,240,81.961,4364869,78.671,23-12-2020,5,3088223,55.661
French Guiana,GUF,AMRO,REPORTING,02-06-2023,242193,100299,81.087,33.581,90464,30.288,13-01-2021,3,46331,15.512
Gabon,GAB,AFRO,REPORTING,05-02-2023,572672,311244,25.73,13.984,257471,11.568,23-03-2021,3,2592,0.116
Haiti,HTI,AMRO,REPORTING,02-06-2023,664150,521396,5.825,4.573,350403,3.073,,2,,
Iceland,ISL,EURO,REPORTING,16-04-2023,869976,307269,238.9,81.685,297921,79.182,30-12-2020,5,254556,67.656
Jersey,JEY,EURO,OWID,29-01-2023,266953,84365,247.646,78.264,81882,75.96,,3,73662,68.335
Lebanon,LBN,EMRO,REPORTING,22-12-2022,5814699,2740227,85.192,40.147,2414223,35.371,14-02-2021,10,660249,9.673
Malaysia,MYS,WPRO,REPORTING,30-07-2023,72572314,28113222,224.224,86.86,27527252,85.05,24-02-2021,8,16325505,50.44
Marshall Islands,MHL,WPRO,REPORTING,24-03-2023,110742,47077,187.083,79.53,40689,68.738,29-12-2020,3,18559,31.353
Myanmar,MMR,SEARO,REPORTING,02-05-2023,89454913,40354937,164.41,74.169,35196377,64.688,27-01-2021,2,13903599,25.553
Oman,OMN,EMRO,REPORTING,25-10-2022,7086050,3257365,138.762,63.787,3048826,59.703,29-12-2020,11,779859,15.272
Pakistan,PAK,EMRO,REPORTING,15-08-2023,339932271,165567890,153.89,74.954,140475871,63.595,03-02-2021,11,52110502,23.591
Republic of Moldova,MDA,EURO,REPORTING,11-06-2023,2288948,1108879,,36.22,1078505,35.228,03-03-2021,7,402985,13.163
Saint Kitts and Nevis,KNA,AMRO,REPORTING,02-06-2023,64297,33794,120.877,63.532,27000,50.76,22-02-2021,3,3465,6.514
Slovenia,SVN,EURO,REPORTING,04-06-2023,3006861,1222336,143.5,58.008,1192059,56.571,23-12-2020,8,649891,30.842
Somalia,SOM,EMRO,REPORTING,25-07-2023,10555834,8972167,66.417,56.453,7666835,48.24,16-03-2021,11,28134,0.177
Togo,TGO,AFRO,REPORTING,23-07-2023,3407277,2248264,41.157,27.157,1554066,18.772,10-03-2021,1,427804,5.168
Tokelau,TKL,WPRO,REPORTING,05-12-2022,6342,2203,469.778,163.185,2203,163.185,20-07-2021,1,968,71.704
Tunisia,TUN,EMRO,REPORTING,20-06-2023,13253317,7218871,112.139,61.08,6401841,54.167,13-03-2021,10,1258577,10.649
Vanuatu,VUT,WPRO,REPORTING,20-02-2023,355430,176624,115.721,57.505,162250,52.825,02-06-2021,3,16556,5.39
Zambia,ZMB,AFRO,REPORTING,25-06-2023,13615707,11711565,74.063,63.705,9155551,49.802,14-04-2021,3,1414619,7.695
Zimbabwe,ZWE,AFRO,REPORTING,09-07-2023,13935112,7398402,93.758,49.778,5565275,37.444,18-02-2021,4,2216293,14.912
Antigua and Barbuda,ATG,AMRO,REPORTING,02-06-2023,136512,64290,139.399,65.65,62384,63.703,01-03-2021,6,9838,10.046
Bonaire,XAA,AMRO,REPORTING,02-06-2023,43070,17460,205.929,83.481,16189,77.404,,,8125,38.848
Colombia,COL,AMRO,REPORTING,02-06-2023,90506612,43012174,177.872,84.532,37019801,72.755,17-02-2021,5,14792792,29.072
Comoros,COM,AFRO,REPORTING,02-10-2022,835021,438825,96.023,50.463,397080,45.662,10-04-2021,3,,
Cyprus,CYP,EURO,REPORTING,11-06-2023,1858908,669218,209.3,73.978,656129,72.524,23-12-2020,5,487380,53.872
Democratic Republic of the Congo,COD,AFRO,REPORTING,04-06-2023,18808671,17045721,21.001,19.032,14399520,16.078,19-04-2021,1,,
Equatorial Guinea,GNQ,AFRO,REPORTING,24-07-2022,488738,270109,34.836,19.252,214032,15.255,12-02-2021,2,4597,0.328
Eritrea,ERI,AFRO,REPORTING,03-07-2022,,0,,0,0,0,,,,
Ghana,GHA,AFRO,REPORTING,02-07-2023,25624828,13864186,82.467,44.618,10780003,34.693,02-03-2021,2,4806017,15.467
Iraq,IRQ,EMRO,REPORTING,02-01-2023,19557364,11332925,48.623,28.176,7944775,19.752,02-03-2021,10,275280,0.684
Isle of Man,IMN,EURO,OWID,23-06-2022,189994,69560,223.438,81.804,67106,78.919,,3,53328,62.715
Jamaica,JAM,AMRO,REPORTING,02-06-2023,1525895,858035,51.53,28.976,758800,25.625,10-03-2021,6,45995,1.553
Liechtenstein,LIE,OTHER,REPORTING,10-04-2022,71104,26681,183.5,68.86,26346,67.995,06-01-2021,3,18310,47.255
Mali,MLI,AFRO,REPORTING,14-05-2023,5922585,4354292,29.246,21.502,3633589,17.943,31-03-2021,1,,
Martinique,MTQ,AMRO,REPORTING,02-06-2023,401816,150795,107.075,40.184,145536,38.782,,2,92919,24.761
Mexico,MEX,AMRO,REPORTING,02-06-2023,222226293,96727823,172.358,75.022,81346379,63.092,24-12-2020,8,57014052,44.22
Monaco,MCO,EURO,REPORTING,04-12-2022,71027,25319,181,69.015,24933,67.963,30-06-2021,7,17806,48.536
Montenegro,MNE,EURO,REPORTING,04-12-2022,523735,272152,83.4,43.346,251583,40.07,24-02-2021,5,0,0
Morocco,MAR,EMRO,REPORTING,14-05-2023,55389602,25020168,150.064,67.786,23521989,63.727,28-01-2021,10,6884356,18.651
Mozambique,MOZ,AFRO,REPORTING,02-07-2023,34950858,22869646,111.823,73.17,21329745,68.243,08-03-2021,3,2323562,7.434
Northern Mariana Islands (Commonwealth of the),MNP,WPRO,REPORTING,30-05-2023,123536,46824,214.632,81.352,45953,79.839,19-12-2020,3,26121,45.383
Norway,NOR,EURO,REPORTING,11-06-2023,12336663,4347197,229.8,80.129,4062204,74.876,23-12-2020,4,3020810,55.68
Panama,PAN,AMRO,REPORTING,02-06-2023,8901881,3533579,206.312,81.895,3174229,73.567,20-01-2021,2,1769698,41.015
Peru,PER,AMRO,REPORTING,02-06-2023,89593907,30487563,271.728,92.465,28654963,86.907,09-02-2021,4,22143074,67.158
Poland,POL,EURO,REPORTING,11-06-2023,58223243,22983299,153.4,61.038,22704578,60.298,23-12-2020,5,12532074,33.282
Puerto Rico,PRI,AMRO,REPORTING,02-06-2023,7846764,2905470,274.281,101.56,2688410,93.972,,4,1808780,63.225
Sao Tome and Principe,STP,AFRO,REPORTING,04-06-2023,263275,140256,120.13,63.997,111986,51.098,15-03-2021,2,34624,15.799
Suriname,SUR,AMRO,REPORTING,02-06-2023,554588,267820,94.538,45.654,237879,40.55,23-02-2021,5,48889,8.334
New Caledonia,NCL,WPRO,REPORTING,03-04-2023,480497,192371,168.301,67.381,184801,64.729,20-01-2021,2,103325,36.191
Nigeria,NGA,AFRO,REPORTING,23-07-2023,127697675,89908623,61.947,43.615,77382677,37.539,05-03-2021,1,15484628,7.512
Niue,NIU,WPRO,REPORTING,04-03-2023,4923,1638,304.265,101.236,1635,101.051,08-06-2021,1,1225,75.711
occupied Palestinian territory,PSE,EMRO,REPORTING,18-10-2022,3748571,2012767,73.481,39.455,1776973,34.833,02-02-2021,10,336967,6.605
Saba,XCA,AMRO,REPORTING,02-06-2023,4979,1687,257.579,87.274,1667,86.239,,,1170,60.528
San Marino,SMR,EURO,REPORTING,22-05-2022,69338,26357,204.3,78.105,23633,70.033,24-02-2021,2,19348,57.335
South Sudan,SSD,AFRO,REPORTING,07-05-2023,4312900,4262480,38.53,38.079,4220606,37.705,06-04-2021,2,440238,3.933
Tajikistan,TJK,EURO,REPORTING,04-12-2022,18871161,5311967,197.9,54.481,5170582,53.031,24-03-2021,6,5200841,53.342
Turks and Caicos Islands,TCA,AMRO,REPORTING,02-06-2023,73907,32815,190.885,84.754,30710,79.317,11-01-2021,1,7443,19.224
Azerbaijan,AZE,EURO,REPORTING,11-06-2023,13825256,5434679,136.4,52.697,4887727,47.394,20-01-2021,5,3502852,33.965
Belgium,BEL,EURO,REPORTING,11-06-2023,29118547,9254386,252.7,79.658,9158159,78.83,30-12-2020,4,7244723,62.36
Bhutan,BTN,SEARO,REPORTING,30-10-2022,2011426,699116,260.68,90.605,677669,87.826,27-03-2021,5,634641,82.249
Bosnia and Herzegovina,BIH,EURO,REPORTING,29-01-2022,1924950,943394,,28.842,846080,25.867,,4,,
China,CHN,WPRO,REPORTING,23-03-2023,3515872818,1317994878,238.966,89.581,1284413713,87.299,22-07-2020,8,833820382,56.673
Cook Islands,COK,WPRO,REPORTING,31-01-2023,40080,15112,228.194,86.04,14728,83.853,17-05-2021,1,10240,58.301
Czechia,CZE,EURO,REPORTING,11-06-2023,18614714,6972162,174.1,66.296,6887894,65.495,23-12-2020,9,4365749,41.513
Djibouti,DJI,EMRO,REPORTING,18-04-2023,392703,372077,39.747,37.66,351712,35.598,15-03-2021,11,,
Dominican Republic,DOM,AMRO,REPORTING,02-06-2023,15972891,7322815,147.244,67.504,6095810,56.193,16-02-2021,5,2554266,23.546
Germany,DEU,EURO,REPORTING,11-06-2023,193234743,64867580,232.3,77.931,63564568,76.366,23-12-2020,9,52142370,62.643
Gibraltar,GIB,EURO,OWID,16-12-2022,132810,42175,394.2,125.182,41465,123.074,,2,49170,145.944
Guatemala,GTM,AMRO,REPORTING,02-06-2023,20370595,8935137,113.703,49.874,7127944,39.786,25-02-2021,5,3719543,20.762
Israel,ISR,EURO,REPORTING,05-06-2022,17915305,7055466,207,79.274,6385731,71.749,16-12-2020,3,4474108,50.271
Kazakhstan,KAZ,EURO,REPORTING,30-04-2023,38355605,12443364,204.3,64.821,13070774,68.089,07-04-2021,5,6801526,35.431
Kuwait,KWT,EMRO,REPORTING,15-08-2023,8260870,3457332,193.437,80.957,3346014,78.351,28-12-2020,10,1457524,34.129
Lao People's Democratic Republic,LAO,WPRO,REPORTING,21-05-2023,13879410,6324678,190.768,86.93,5691962,78.234,25-11-2020,8,2451034,33.689
Micronesia (Federated States of),FSM,WPRO,REPORTING,28-03-2023,198749,83871,172.791,72.917,80910,70.342,13-01-2021,4,30537,26.549
Rwanda,RWA,AFRO,REPORTING,04-06-2023,27322059,10884714,210.945,84.037,10399665,80.293,05-03-2021,7,4225194,32.621
"Saint Helena, Ascension and Tristan da Cunha",SHN,AFRO,OWID,05-05-2021,7892,4361,129.995,71.833,3531,58.162,,1,,
Saint Lucia,LCA,AMRO,REPORTING,02-06-2023,122977,60140,66.971,32.751,54971,29.936,17-02-2021,5,7866,4.284
Serbia,SRB,EURO,REPORTING,05-03-2023,6722671,3398116,97.1,46.57,3324555,45.562,23-12-2020,5,0,0
Sweden,SWE,EURO,REPORTING,11-06-2023,23226250,7470582,224.9,71.473,7332983,70.156,23-12-2020,5,5541390,53.016
Tuvalu,TUV,WPRO,REPORTING,01-02-2023,26783,9763,227.129,82.793,9505,80.605,13-04-2021,1,5745,48.719
Thailand,THA,SEARO,REPORTING,23-06-2023,139279946,57652499,199.542,82.597,54181443,77.624,28-02-2021,8,27446004,39.321
The United Kingdom,GBR,EURO,REPORTING,11-09-2022,151248820,53813491,222.8,79.983,50762968,75.449,21-12-2020,3,,
Turkey,TUR,EURO,REPORTING,29-01-2023,139694693,50974980,,60.735,50670345,59.77,,3,27896331,32.906
Afghanistan,AFG,EMRO,REPORTING,15-08-2023,20939198,17693890,53.789,45.452,16932136,43.496,22-02-2021,11,2181134,5.603
Burundi,BDI,AFRO,REPORTING,23-07-2023,40967,36909,0.345,0.31,36321,0.305,18-10-2021,1,314,0.003
Cabo Verde,CPV,AFRO,REPORTING,25-09-2022,859940,356734,154.669,64.162,308720,55.526,18-03-2021,4,749,0.135
Cayman Islands,CYM,AMRO,REPORTING,02-06-2023,151822,62085,231.013,94.469,60664,92.307,15-01-2021,1,24064,36.616
Falkland Islands (Malvinas),FLK,AMRO,REPORTING,21-06-2022,9390,3220,269.595,92.449,2976,85.444,,1,2543,73.012
Faroe Islands,FRO,EURO,OWID,18-02-2022,103894,41715,212.614,85.368,40895,83.69,,2,21284,43.557
France,FRA,EURO,REPORTING,11-06-2023,158038124,54676037,234.8,80.558,53187210,78.364,23-12-2020,9,41038200,60.464
Italy,ITA,EURO,REPORTING,11-06-2023,150317622,50581051,252,85.691,49484229,83.829,23-12-2020,9,44916242,76.09
Kiribati,KIR,WPRO,REPORTING,06-02-2023,219980,100900,184.162,84.471,81474,68.208,26-05-2021,2,37606,31.483
Nauru,NRU,WPRO,REPORTING,20-02-2023,32157,13106,296.816,120.971,11346,104.726,09-04-2021,2,7705,71.119
New Zealand,NZL,WPRO,REPORTING,21-04-2023,12252378,4241210,254.081,87.951,4084115,84.693,19-02-2021,4,2719283,56.391
Nicaragua,NIC,AMRO,REPORTING,02-06-2023,15498213,6404524,233.951,96.679,6117158,92.341,03-03-2021,11,2892531,43.664
Palau,PLW,WPRO,REPORTING,10-03-2023,51032,18573,282.069,102.659,18278,101.028,03-01-2021,3,12885,71.219
Paraguay,PRY,AMRO,REPORTING,02-06-2023,9784169,3995915,137.177,56.024,3547736,49.74,22-02-2021,8,1660692,23.283
Philippines,PHL,WPRO,REPORTING,19-03-2023,189317158,82684774,172.764,75.455,78443972,71.585,01-03-2021,11,23811248,21.729
Pitcairn Islands,PCN,WPRO,REPORTING,29-08-2022,117,47,234,94,47,94,17-05-2021,1,23,46
Republic of Korea,KOR,WPRO,REPORTING,07-08-2023,137030418,44720741,267.276,87.227,44310473,86.427,26-02-2021,5,33644119,65.622
Russian Federation,RUS,EURO,OWID,05-07-2023,186692479,88811982,127.9,61.206,79702396,54.928,,2,,
Samoa,WSM,WPRO,REPORTING,24-02-2023,453130,191403,228.376,96.466,177954,89.688,18-04-2021,2,82268,41.463
Sierra Leone,SLE,AFRO,REPORTING,25-06-2023,9137310,5668867,114.546,71.065,4952182,62.081,15-03-2021,2,1196145,14.995
Singapore,SGP,WPRO,REPORTING,25-07-2023,15304199,5287005,261.595,90.371,5250426,89.746,30-12-2020,4,4766768,81.478
Sint Eustatius,XBA,AMRO,REPORTING,02-06-2023,4319,1791,137.592,57.056,1686,53.711,,,767,24.435
Spain,ESP,EURO,REPORTING,11-06-2023,112837406,41328627,238.4,87.131,37483217,79.024,30-12-2020,4,26563654,56.003
Switzerland,CHE,EURO,REPORTING,11-06-2023,16755470,6096586,193.6,70.145,5723015,65.847,23-12-2020,6,4996200,57.484
Syrian Arab Republic,SYR,EMRO,REPORTING,18-04-2023,5090630,3295630,29.088,18.831,2358365,13.476,01-04-2021,11,75881,0.434
Timor-Leste,TLS,SEARO,REPORTING,26-06-2023,2019384,884194,153.164,67.063,799627,60.649,07-04-2021,4,335563,25.451
Viet Nam,VNM,WPRO,REPORTING,30-06-2023,266492149,90272853,273.779,92.741,85961564,88.312,08-03-2021,6,57975220,59.56
